[{"@type":"mappingTemplate","id":"@1","name":"Parse_Mapping_Versioning1","description":"test description","bundleVersion":"0","templateId":"@3","deployTime":1599471478000,"hasParameters":false,"valid":true,"fixedConnection":true,"hasParametersDeployed":false,"fixedConnectionDeployed":true,"tasks":0,"mappingPreviewFileRecordId":"@2","documentType":"","references":[{"@type":"reference","refObjectId":"@b5Kd7Z2inWokj6PdxpWRoO","refType":"connection"},{"@type":"reference","refObjectId":"@3mQb7sF9zQeeechZYvGESK","refType":"frsDocument"},{"@type":"reference","refObjectId":"@kUjL3WakZWykl1SIHFRLap","refType":"connection"}]}]